user_id,visits_30d,purchases_30d,avg_session_min
u001,2,0,3.8
u002,9,3,19.0
u003,20,2,2.9
u004,1,0,5.3
u005,2,0,3.8
u006,2,0,0.5
u007,4,4,10.8
u008,2,0,1.6
u009,20,1,7.9
u010,3,0,2.6
u011,3,1,5.1
u012,6,3,14.9
u013,14,1,6.9
u014,3,0,4.3
u015,17,1,8.8
u016,2,0,2.2
u017,19,0,3.4
u018,23,3,1.2
u019,2,0,1.7
u020,10,6,7.7
u021,13,0,9.2
u022,0,1,2.9
u023,14,0,5.9
u024,16,1,6.8
u025,2,0,0.7
u026,6,8,13.0
u027,18,1,6.6
u028,9,5,15.0
u029,11,7,16.4
u030,21,1,8.0
u031,2,0,2.4
u032,2,1,1.3
u033,4,0,2.0
u034,18,0,5.2
u035,17,1,5.4
u036,16,0,8.3
u037,18,1,11.6
u038,6,7,13.5
u039,7,5,16.6
u040,7,3,15.7
u041,9,3,5.8
u042,1,0,1.9
u043,16,0,7.0
u044,3,0,0.5
u045,18,1,5.2
u046,23,0,6.3
u047,5,2,13.9
u048,20,0,0.7
u049,0,0,1.6
u050,19,1,5.6
u051,7,6,13.9
u052,15,0,8.3
u053,7,8,14.2
u054,9,5,8.2
u055,2,0,3.5
u056,3,0,5.8
u057,14,0,3.9
u058,3,0,1.9
u059,17,0,8.8
u060,6,4,13.4
u061,6,4,14.9
u062,4,3,16.4
u063,9,6,14.1
u064,2,1,3.0
u065,7,6,15.5
u066,20,1,6.3
u067,5,6,13.7
u068,16,0,1.6
u069,20,1,8.5
u070,2,0,4.9
u071,2,0,3.3
u072,3,4,13.6
u073,2,0,6.1
u074,2,1,2.4
u075,18,1,5.5
u076,20,1,8.0
u077,9,6,14.6
u078,2,0,3.7
u079,1,0,1.5
u080,6,3,11.3
u081,3,0,1.9
u082,6,6,12.3
u083,3,4,8.1
u084,18,2,4.6
u085,19,0,4.6
u086,18,1,7.2
u087,5,4,15.2
u088,8,6,15.2
u089,7,5,9.4
u090,4,3,16.0
u091,9,6,12.7
u092,8,5,16.0
u093,4,6,8.9
u094,5,5,16.1
u095,1,6,20.2
u096,4,2,17.7
u097,18,2,9.7
u098,8,6,15.0
u099,5,4,12.3
u100,14,1,8.2
u101,3,1,3.0
u102,5,4,12.0
u103,5,2,12.7
u104,6,5,16.8
u105,0,0,0.9
u106,16,1,5.7
u107,17,2,8.2
u108,17,1,5.3
u109,14,2,6.4
u110,0,1,3.8
u111,2,1,2.7
u112,17,1,6.7
u113,7,8,14.5
u114,1,0,0.5
u115,2,1,3.5
u116,10,5,15.6
u117,17,2,4.9
u118,5,4,20.2
u119,23,1,3.6
u120,5,4,15.0
